Test Case ID,Module,Requirement,Reclassification,Reason,Latest Evidence
TC-ALRT-004,Payroll,REQ-ALRT-003,STILL BLOCKED,Missing API Contract — re-probed live 2026-06-30: endpoints absent (200 SPA-HTML / 405),protected-pay HARD-mode rule not configurable: protected-pay-rules API contract not exposed (only soft-mode breaches present) — external dep
TC-ALRT-009,Payroll,REQ-ALRT-009,STILL BLOCKED,Missing API Contract — re-probed live 2026-06-30: endpoints absent (200 SPA-HTML / 405),junior_employee_threshold requires overtime entry: overtime API contract not exposed — external dependency
TC-ALRT-010,Payroll,REQ-ALRT-010,STILL BLOCKED,Missing API Contract — re-probed live 2026-06-30: endpoints absent (200 SPA-HTML / 405),pension_threshold requires pension-cap (counting-items) config not exposed — external dependency
TC-ALRT-011,Payroll,REQ-ALRT-011,STILL BLOCKED,Missing API Contract — re-probed live 2026-06-30: endpoints absent (200 SPA-HTML / 405),BLOCKED — Missing API Contract: benefit/deduction_threshold_breach not raisable — catalog alert_thresholds not on the benefit/deduction cont
TC-AUTH-003,Authentication,REQ-AUTH-001,STILL BLOCKED,Browser execution pending (page needs module access or spec not yet built),[browser] [browser] phone '0200720509' → rejected/stuck (https://sbxkedebah-v2.npontu.com/clients/sign-in)
TC-AUTH-004,Authentication,REQ-AUTH-001,STILL BLOCKED,Missing automation — case not implemented in registry (requires automation dev),BLOCKED — Pending implementation — admin-reachable; not yet ported into the registry
TC-AUTH-006,Authentication,REQ-AUTH-002,STILL BLOCKED,Missing automation — case not implemented in registry (requires automation dev),BLOCKED — Pending implementation — admin-reachable; not yet ported into the registry
TC-AUTH-007,Authentication,REQ-AUTH-003,STILL BLOCKED,Browser execution pending (page needs module access or spec not yet built),BLOCKED — Verify-only (§25 documented gap) — assert documented preview/not-saved behaviour via UI
TC-AUTH-008,Authentication,REQ-AUTH-004,STILL BLOCKED,Missing automation — case not implemented in registry (requires automation dev),BLOCKED — Pending implementation — admin-reachable; not yet ported into the registry
TC-AUTH-009,Authentication,REQ-AUTH-004,STILL BLOCKED,Missing automation — case not implemented in registry (requires automation dev),BLOCKED — Pending implementation — admin-reachable; not yet ported into the registry
TC-AUTH-014,Authentication,REQ-AUTH-008,STILL BLOCKED,Credentials validated but per-role/self-service needs Payroll module access (BUG-011) — reason corrected from Missing-Credentials,BLOCKED — Needs Manager/Staff credentials (cross-role / self-service not testable as Admin)
TC-AUTH-015,Authentication,REQ-AUTH-008,STILL BLOCKED,Credentials validated but per-role/self-service needs Payroll module access (BUG-011) — reason corrected from Missing-Credentials,BLOCKED — Needs Manager/Staff credentials (cross-role / self-service not testable as Admin)
TC-AUTH-016,Authentication,REQ-AUTH-009,STILL BLOCKED,Missing automation — case not implemented in registry (requires automation dev),BLOCKED — Pending implementation — admin-reachable; not yet ported into the registry
TC-AUTH-017,Authentication,REQ-AUTH-010,STILL BLOCKED,"No Payroll module entitlement (BUG-011, Critical product defect)","BLOCKED — Credentials: verifying ""UI hides button but API still enforces"" requires a restricted (non-admin) session to attempt the denied ca"
TC-AUTH-018,Authentication,REQ-AUTH-011,STILL BLOCKED,Credentials validated but per-role/self-service needs Payroll module access (BUG-011) — reason corrected from Missing-Credentials,BLOCKED — Needs Manager/Staff credentials (cross-role / self-service not testable as Admin)
TC-AUTH-019,Authentication,REQ-AUTH-011,STILL BLOCKED,Credentials validated but per-role/self-service needs Payroll module access (BUG-011) — reason corrected from Missing-Credentials,BLOCKED — Needs Manager/Staff credentials (cross-role / self-service not testable as Admin)
TC-BANK-003,Payroll,REQ-BANK-002,STILL BLOCKED,Missing API Contract — re-probed live 2026-06-30: endpoints absent (200 SPA-HTML / 405),BLOCKED — Browser-only: branch sort-code capture / picker is a client-rendered UI flow; no API contract to assert the field-capture behaviou
TC-BANK-014,Payroll,REQ-BANK-010,STILL BLOCKED,Browser execution pending (page needs module access or spec not yet built),BLOCKED — UI-only — needs browser-driven (Playwright page) test
TC-BANK-015,Payroll,REQ-BANK-011,STILL BLOCKED,Credentials validated but per-role/self-service needs Payroll module access (BUG-011) — reason corrected from Missing-Credentials,BLOCKED — Needs Manager/Staff credentials (cross-role / self-service not testable as Admin)
TC-BANK-016,Payroll,REQ-BANK-003,STILL BLOCKED,Browser execution pending (page needs module access or spec not yet built),BLOCKED — UI-only — needs browser-driven (Playwright page) test
TC-BEN-010,Benefits,REQ-CAT-005,STILL BLOCKED,Infrastructure — shared-sandbox / multi-run isolation limitation,effective-window gating not verifiable via off-cycle run (off-cycle applies all assigned items by design); needs a Regular run whose period 
TC-BEN-011,Benefits,REQ-CAT-006,STILL BLOCKED,Missing API Contract — re-probed live 2026-06-30: endpoints absent (200 SPA-HTML / 405),BLOCKED — Missing API Contract: cannot create an inactive benefit via API (status=inactive rejected); inactive-item-skipped path not constru
TC-BEN-012,Benefits,REQ-CAT-007,STILL BLOCKED,Missing API Contract — re-probed live 2026-06-30: endpoints absent (200 SPA-HTML / 405),BLOCKED — Missing API Contract: benefit alert-threshold (benefit_threshold_breach) not configurable — benefits expose no alert_thresholds fi
TC-BEN-013,Benefits,REQ-CAT-012,STILL BLOCKED,Missing API Contract — re-probed live 2026-06-30: endpoints absent (200 SPA-HTML / 405),"BLOCKED — Infrastructure: department-scope (dept A vs B) not testable — tenant has a single department (""Quality Assurance"") and POST /depar"
TC-BEN-014,Benefits,REQ-CAT-013,STILL BLOCKED,Infrastructure — shared-sandbox / multi-run isolation limitation,per-employee window gating not verifiable via off-cycle run (applies all assigned items by design); needs regular-run harness
TC-BEN-015,Benefits,REQ-CAT-014,STILL BLOCKED,Missing API Contract — re-probed live 2026-06-30: endpoints absent (200 SPA-HTML / 405),BLOCKED — API contract not exposed: catalog approval-activation trigger (see reports/07)
TC-BIK-003,Benefits,REQ-BIK-002,STILL BLOCKED,Reason not auto-classified — see latest evidence (manual review),BIK create not accepted: BK3
TC-BIK-007,Benefits,REQ-BIK-003,STILL BLOCKED,Missing API Contract — re-probed live 2026-06-30: endpoints absent (200 SPA-HTML / 405),"BIK base ""Qualifying Employment Income"" not selectable: applies_to_base enum exposes only cash_emoluments_excluding_bik — base-type API cont"
TC-BIK-013,Benefits,REQ-BIK-007,STILL BLOCKED,"No Payroll module entitlement (BUG-011, Critical product defect)",BLOCKED — Infrastructure: country-scoped BIK match needs an employee whose statutory country differs from the scope; this is a single-countr
TC-BIK-014,Benefits,REQ-BIK-007,STILL BLOCKED,Missing API Contract — re-probed live 2026-06-30: endpoints absent (200 SPA-HTML / 405),"BLOCKED — Missing API Contract: benefit auto-enroll/all-employees resolution not applied without an explicit assignment, and no /benefits/{i"
TC-CAL-001,Payroll,REQ-CAL-001,STILL BLOCKED,Missing API Contract — re-probed live 2026-06-30: endpoints absent (200 SPA-HTML / 405),BLOCKED — API contract: daily/hourly compensation not settable via /salary (see reports/07)
TC-CAL-008,Payroll,REQ-CAL-005,STILL BLOCKED,Missing API Contract — re-probed live 2026-06-30: endpoints absent (200 SPA-HTML / 405),percentage_of_net deduction not accepted — %-of-net contract not exposed
TC-CAL-009,Payroll,REQ-CAL-006,STILL BLOCKED,Missing API Contract — re-probed live 2026-06-30: endpoints absent (200 SPA-HTML / 405),probe inconclusive — operation contract not demonstrable for this case; treated as external (see discovery sweep)
TC-CAL-010,Payroll,REQ-CAL-006,STILL BLOCKED,Missing API Contract — re-probed live 2026-06-30: endpoints absent (200 SPA-HTML / 405),probe inconclusive — operation contract not demonstrable for this case; treated as external (see discovery sweep)
TC-CAL-012,Payroll,REQ-CAL-008,STILL BLOCKED,Missing API Contract — re-probed live 2026-06-30: endpoints absent (200 SPA-HTML / 405),probe inconclusive — operation contract not demonstrable for this case; treated as external (see discovery sweep)
TC-CAL-014,Payroll,REQ-CAL-010,STILL BLOCKED,Missing API Contract — re-probed live 2026-06-30: endpoints absent (200 SPA-HTML / 405),BLOCKED — API contract not exposed: protected-pay-rules (see reports/07-requests-to-unblock.md)
TC-CAL-015,Payroll,REQ-CAL-011,STILL BLOCKED,Missing API Contract — re-probed live 2026-06-30: endpoints absent (200 SPA-HTML / 405),BLOCKED — API contract not exposed: protected-pay-rules (see reports/07-requests-to-unblock.md)
TC-CAL-022,Payroll,REQ-CAL-015,STILL BLOCKED,Browser execution pending (page needs module access or spec not yet built),BLOCKED — UI-only — needs browser-driven (Playwright page) test
TC-CAL-024,Payroll,REQ-CAL-007/012,STILL BLOCKED,Missing API Contract — re-probed live 2026-06-30: endpoints absent (200 SPA-HTML / 405),BLOCKED — API contract not exposed: protected-pay-rules (see reports/07-requests-to-unblock.md)
TC-COMP-008,Compliance,REQ-COMP-007,STILL BLOCKED,Credentials validated but per-role/self-service needs Payroll module access (BUG-011) — reason corrected from Missing-Credentials,BLOCKED — Needs Manager/Staff credentials (cross-role / self-service not testable as Admin)
TC-COMP-009,Compliance,REQ-COMP-007,STILL BLOCKED,Credentials validated but per-role/self-service needs Payroll module access (BUG-011) — reason corrected from Missing-Credentials,BLOCKED — Needs Manager/Staff credentials (cross-role / self-service not testable as Admin)
TC-COMP-010,Compliance,REQ-COMP-007,STILL BLOCKED,Credentials validated but per-role/self-service needs Payroll module access (BUG-011) — reason corrected from Missing-Credentials,BLOCKED — Needs Manager/Staff credentials (cross-role / self-service not testable as Admin)
TC-CYCLE-003,Payroll,REQ-CYCLE-002,STILL BLOCKED,Missing automation — case not implemented in registry (requires automation dev),BLOCKED — Pending implementation — admin-reachable; not yet ported into the registry
TC-CYCLE-012,Payroll,REQ-CYCLE-010,STILL BLOCKED,Missing automation — case not implemented in registry (requires automation dev),BLOCKED — Pending implementation — admin-reachable; not yet ported into the registry
TC-CYCLE-013,Payroll,REQ-CYCLE-010,STILL BLOCKED,Missing automation — case not implemented in registry (requires automation dev),BLOCKED — Pending implementation — admin-reachable; not yet ported into the registry
TC-CYCLE-015,Payroll,REQ-CYCLE-012,STILL BLOCKED,Missing automation — case not implemented in registry (requires automation dev),BLOCKED — Pending implementation — admin-reachable; not yet ported into the registry
TC-CYCLE-016,Payroll,REQ-CYCLE-013,STILL BLOCKED,Missing automation — case not implemented in registry (requires automation dev),BLOCKED — Pending implementation — admin-reachable; not yet ported into the registry
TC-CYCLE-017,Payroll,REQ-CYCLE-011,STILL BLOCKED,Missing automation — case not implemented in registry (requires automation dev),BLOCKED — Pending implementation — admin-reachable; not yet ported into the registry
TC-CYCLE-018,Payroll,REQ-CYCLE-014,STILL BLOCKED,Missing automation — case not implemented in registry (requires automation dev),BLOCKED — Pending implementation — admin-reachable; not yet ported into the registry
TC-CYCLE-019,Payroll,REQ-CYCLE-015,STILL BLOCKED,Missing automation — case not implemented in registry (requires automation dev),BLOCKED — Pending implementation — admin-reachable; not yet ported into the registry
TC-CYCLE-020,Payroll,REQ-CYCLE-014,STILL BLOCKED,Missing automation — case not implemented in registry (requires automation dev),BLOCKED — Pending implementation — admin-reachable; not yet ported into the registry
TC-DASH-003,Dashboard,REQ-DASH-001,STILL BLOCKED,Credentials validated but per-role/self-service needs Payroll module access (BUG-011) — reason corrected from Missing-Credentials,BLOCKED — Credentials: permission-appropriate dashboard widgets are role-gated; verifying requires a non-admin (Manager/Staff) session.
TC-DASH-004,Dashboard,REQ-DASH-001,STILL BLOCKED,Missing automation — case not implemented in registry (requires automation dev),BLOCKED — Pending implementation — admin-reachable; not yet ported into the registry
TC-DASH-005,Dashboard,REQ-DASH-001,STILL BLOCKED,Browser execution pending (page needs module access or spec not yet built),BLOCKED — UI-only — needs browser-driven (Playwright page) test
TC-DED-004,Deductions,REQ-CAT-009,STILL BLOCKED,Missing API Contract — re-probed live 2026-06-30: endpoints absent (200 SPA-HTML / 405),"deduction percentage_of_cash_emoluments not accepted: {""calculation_method"":[""calculation_method 'percentage_of_cash_emolume — calc-method A"
TC-DED-005,Deductions,REQ-CAT-009,STILL BLOCKED,Missing automation — case not implemented in registry (requires automation dev),BLOCKED — Pending implementation — admin-reachable; not yet ported into the registry
TC-DED-011,Deductions,REQ-CAT-013,STILL BLOCKED,Infrastructure — shared-sandbox / multi-run isolation limitation,deduction window gating not verifiable via off-cycle run (applies all assigned items by design); needs regular-run harness
TC-DED-012,Deductions,REQ-CAT-015,STILL BLOCKED,Missing automation — case not implemented in registry (requires automation dev),BLOCKED — Pending implementation — admin-reachable; not yet ported into the registry
TC-DED-013,Deductions,REQ-CAT-009,STILL BLOCKED,Missing API Contract — re-probed live 2026-06-30: endpoints absent (200 SPA-HTML / 405),deduction percentage_of_net not accepted — %-of-net calc-method API contract not exposed
TC-EMP-003,Employees,REQ-EMP-001,STILL BLOCKED,Missing automation — case not implemented in registry (requires automation dev),BLOCKED — Pending implementation — admin-reachable; not yet ported into the registry
TC-EMP-004,Employees,REQ-EMP-002,STILL BLOCKED,Browser execution pending (page needs module access or spec not yet built),BLOCKED — UI-only — needs browser-driven (Playwright page) test
TC-EMP-005,Employees,REQ-EMP-002,STILL BLOCKED,Browser execution pending (page needs module access or spec not yet built),BLOCKED — UI-only — needs browser-driven (Playwright page) test
TC-EMP-006,Employees,REQ-EMP-002,STILL BLOCKED,Browser execution pending (page needs module access or spec not yet built),BLOCKED — UI-only — needs browser-driven (Playwright page) test
TC-EMP-012,Employees,REQ-EMP-007,STILL BLOCKED,Missing API Contract — re-probed live 2026-06-30: endpoints absent (200 SPA-HTML / 405),BLOCKED — API contract: daily/hourly compensation not settable via /salary (see reports/07)
TC-EMP-015,Employees,REQ-EMP-011,STILL BLOCKED,Browser execution pending (page needs module access or spec not yet built),BLOCKED — UI-only — needs browser-driven (Playwright page) test
TC-EMP-016,Employees,REQ-EMP-008,STILL BLOCKED,Browser execution pending (page needs module access or spec not yet built),BLOCKED — UI-only — needs browser-driven (Playwright page) test
TC-EMP-020,Employees,REQ-EMP-012,STILL BLOCKED,Browser execution pending (page needs module access or spec not yet built),BLOCKED — UI-only — needs browser-driven (Playwright page) test
TC-EMP-021,Employees,REQ-EMP-013,STILL BLOCKED,Browser execution pending (page needs module access or spec not yet built),BLOCKED — UI-only — needs browser-driven (Playwright page) test
TC-EMP-023,Employees,REQ-EMP-014,STILL BLOCKED,Infrastructure — shared-sandbox / multi-run isolation limitation,"BLOCKED — Browser-only / Infrastructure: the mid-cycle ""Warning shown"" is a client-side Save-time validation (catalogue Auto=UI). It cannot "
TC-EMP-024,Employees,REQ-EMP-014,STILL BLOCKED,Missing automation — case not implemented in registry (requires automation dev),BLOCKED — Pending implementation — admin-reachable; not yet ported into the registry
TC-EMP-025,Employees,REQ-EMP-016,STILL BLOCKED,Browser execution pending (page needs module access or spec not yet built),BLOCKED — UI-only — needs browser-driven (Playwright page) test
TC-EMP-026,Employees,REQ-EMP-016,STILL BLOCKED,Browser execution pending (page needs module access or spec not yet built),BLOCKED — UI-only — needs browser-driven (Playwright page) test
TC-EMP-027,Employees,REQ-EMP-017,STILL BLOCKED,Missing automation — case not implemented in registry (requires automation dev),BLOCKED — Pending implementation — admin-reachable; not yet ported into the registry
TC-EMP-028,Employees,REQ-EMP-017,STILL BLOCKED,Missing automation — case not implemented in registry (requires automation dev),BLOCKED — Pending implementation — admin-reachable; not yet ported into the registry
TC-EMP-030,Employees,REQ-EMP-019,STILL BLOCKED,Missing automation — case not implemented in registry (requires automation dev),BLOCKED — Pending implementation — admin-reachable; not yet ported into the registry
TC-ENT-004,Enterprise Onboarding,REQ-SETUP-001,STILL BLOCKED,"No Payroll module entitlement (BUG-011, Critical product defect)",[browser] FAIL/BLOCKED — launcher renders 'No modules found' for the Payroll Admin account on William & Co; NO Payroll module tile → cannot 
TC-ENT-005,Enterprise Onboarding,REQ-SETUP-001,STILL BLOCKED,"No Payroll module entitlement (BUG-011, Critical product defect)",[browser] BLOCKED — no Payroll module tile to launch (see TC-ENT-004); never reaches payroll.kedebah.com for these accounts.
TC-ENT-MOD-admin,Enterprise Onboarding,REQ-SETUP-001,STILL BLOCKED,"No Payroll module entitlement (BUG-011, Critical product defect)",[browser] CONFIRMED EMPTY — 'No modules found' for Admin too.
TC-ENT-MOD-employee,Enterprise Onboarding,REQ-SETUP-001,STILL BLOCKED,"No Payroll module entitlement (BUG-011, Critical product defect)",[browser] CONFIRMED EMPTY — launcher shows 'No modules found'; Employee has NO modules → cannot enter Payroll. Confirms BR-020 is systemic (
TC-ENT-MOD-manager,Enterprise Onboarding,REQ-SETUP-001,STILL BLOCKED,"No Payroll module entitlement (BUG-011, Critical product defect)","[browser] CONFIRMED EMPTY — 'No modules found' for Manager too. All 4 roles now confirm BUG-011 (systemic, no module access)."
TC-ENT-MOD-reports,Enterprise Onboarding,REQ-SETUP-001,STILL BLOCKED,"No Payroll module entitlement (BUG-011, Critical product defect)",[browser] CONFIRMED EMPTY — 'No modules found' for Reports too (logged in via reset).
TC-ENT-PW-reports,Enterprise Onboarding,REQ-AUTH-001,STILL BLOCKED,Browser execution pending (page needs module access or spec not yet built),[browser] BLOCKED — BOTH temp IrLyR66kvk AND QaPhase4_reports_9X! rejected ('Invalid password'). Unknown password state; needs owner reset/c
TC-FORM-003,Payroll,REQ-FORM-002,STILL BLOCKED,Missing API Contract — re-probed live 2026-06-30: endpoints absent (200 SPA-HTML / 405),BLOCKED — API contract not exposed: catalog approval-activation trigger (see reports/07)
TC-FORM-004,Payroll,REQ-FORM-003,STILL BLOCKED,Missing API Contract — re-probed live 2026-06-30: endpoints absent (200 SPA-HTML / 405),BLOCKED — API contract not exposed: catalog approval-activation trigger (see reports/07)
TC-FORM-006,Payroll,REQ-FORM-004,STILL BLOCKED,Missing API Contract — re-probed live 2026-06-30: endpoints absent (200 SPA-HTML / 405),BLOCKED — API contract not exposed: catalog approval-activation trigger (see reports/07)
TC-FORM-007,Payroll,REQ-FORM-005,STILL BLOCKED,Browser execution pending (page needs module access or spec not yet built),BLOCKED — UI-only — needs browser-driven (Playwright page) test
TC-FORM-008,Payroll,REQ-FORM-006,STILL BLOCKED,Missing API Contract — re-probed live 2026-06-30: endpoints absent (200 SPA-HTML / 405),BLOCKED — API contract not exposed: catalog approval-activation trigger (see reports/07)
TC-FORM-009,Payroll,REQ-FORM-007,STILL BLOCKED,Missing API Contract — re-probed live 2026-06-30: endpoints absent (200 SPA-HTML / 405),BLOCKED — API contract not exposed: catalog approval-activation trigger (see reports/07)
TC-FORM-011,Payroll,REQ-FORM-009,STILL BLOCKED,Browser execution pending (page needs module access or spec not yet built),BLOCKED — UI-only — report export rendered client-side
TC-LIFE-004,Payroll,REQ-LIFE-001,STILL BLOCKED,Missing API Contract — re-probed live 2026-06-30: endpoints absent (200 SPA-HTML / 405),BLOCKED — API contract not exposed: catalog approval-activation trigger (see reports/07)
TC-LIFE-005,Payroll,REQ-LIFE-002,STILL BLOCKED,Browser execution pending (page needs module access or spec not yet built),BLOCKED — UI-only — needs browser-driven (Playwright page) test
TC-LIFE-010,Payroll,REQ-LIFE-004,STILL BLOCKED,Missing API Contract — re-probed live 2026-06-30: endpoints absent (200 SPA-HTML / 405),BLOCKED — API contract not exposed: catalog approval-activation trigger (see reports/07)
TC-LIFE-011,Payroll,REQ-LIFE-004,STILL BLOCKED,Missing API Contract — re-probed live 2026-06-30: endpoints absent (200 SPA-HTML / 405),BLOCKED — API contract not exposed: catalog approval-activation trigger (see reports/07)
TC-LIFE-012,Payroll,REQ-LIFE-004,STILL BLOCKED,Missing API Contract — re-probed live 2026-06-30: endpoints absent (200 SPA-HTML / 405),BLOCKED — API contract not exposed: catalog approval-activation trigger (see reports/07)
TC-LIFE-013,Payroll,REQ-LIFE-005,STILL BLOCKED,Missing API Contract — re-probed live 2026-06-30: endpoints absent (200 SPA-HTML / 405),BLOCKED — API contract not exposed: catalog approval-activation trigger (see reports/07)
TC-LIFE-014,Payroll,REQ-LIFE-005,STILL BLOCKED,Missing API Contract — re-probed live 2026-06-30: endpoints absent (200 SPA-HTML / 405),BLOCKED — API contract not exposed: catalog approval-activation trigger (see reports/07)
TC-LIFE-015,Payroll,REQ-LIFE-006,STILL BLOCKED,Missing API Contract — re-probed live 2026-06-30: endpoints absent (200 SPA-HTML / 405),BLOCKED — API contract not exposed: catalog approval-activation trigger (see reports/07)
TC-LOAN-003,Loans,REQ-LOAN-001,STILL BLOCKED,Missing automation — case not implemented in registry (requires automation dev),BLOCKED — Pending implementation — admin-reachable; not yet ported into the registry
TC-LOAN-008,Loans,REQ-LOAN-003,STILL BLOCKED,Infrastructure — shared-sandbox / multi-run isolation limitation,BLOCKED — Infrastructure: repayment-clamp manifests only on a Regular paid run with a loan whose balance < per-period; isolating one require
TC-LOAN-013,Loans,REQ-LOAN-004,STILL BLOCKED,Infrastructure — shared-sandbox / multi-run isolation limitation,BLOCKED — Infrastructure: no fully-repaid loan in sandbox; verifying auto-stop requires driving a loan balance to 0 across multiple calendar
TC-LOAN-015,Loans,REQ-LOAN-009,STILL BLOCKED,Missing API Contract — re-probed live 2026-06-30: endpoints absent (200 SPA-HTML / 405),BLOCKED — API contract not exposed: catalog approval-activation trigger (see reports/07)
TC-PAYE-016,Payroll,REQ-PAYE-010,STILL BLOCKED,Browser execution pending (page needs module access or spec not yet built),BLOCKED — UI-only — needs browser-driven (Playwright page) test
TC-PAYM-003,Payroll,REQ-PAYM-002,STILL BLOCKED,Missing API Contract — re-probed live 2026-06-30: endpoints absent (200 SPA-HTML / 405),BLOCKED — API contract not exposed: catalog approval-activation trigger (see reports/07)
TC-PAYM-007,Payroll,REQ-PAYM-005,STILL BLOCKED,Browser execution pending (page needs module access or spec not yet built),BLOCKED — Browser-only: Mobile-Money rows in the bank/payment file are produced by a client-side export render; no payment-file API route (p
TC-PAYM-008,Payroll,REQ-PAYM-006,STILL BLOCKED,Browser execution pending (page needs module access or spec not yet built),BLOCKED — Browser-only: cash-exclusion from the bank file is verified in the client-side file export; no payment-file API route. (Cash exclu
TC-PAYM-013,Payroll,REQ-PAYM-014,STILL BLOCKED,Browser execution pending (page needs module access or spec not yet built),BLOCKED — UI-only — report export rendered client-side
TC-PAYM-016,Payroll,REQ-PAYM-012,STILL BLOCKED,Browser execution pending (page needs module access or spec not yet built),BLOCKED — UI-only — needs browser-driven (Playwright page) test
TC-PAYM-018,Payroll,REQ-PAYM-015,STILL BLOCKED,Missing automation — case not implemented in registry (requires automation dev),BLOCKED — Pending implementation — admin-reachable; not yet ported into the registry
TC-PG-002,Pay Groups,REQ-PG-006,STILL BLOCKED,Missing API Contract — re-probed live 2026-06-30: endpoints absent (200 SPA-HTML / 405),BLOCKED — Missing API Contract: pay-group membership-edit not exposed (assignment is a silent no-op — see TC-PG-001 evidence: PUT 200 but em
TC-PG-004,Pay Groups,REQ-PG-006,STILL BLOCKED,Missing API Contract — re-probed live 2026-06-30: endpoints absent (200 SPA-HTML / 405),BLOCKED — API contract not exposed: pay-group member assignment (see reports/07)
TC-PG-005,Pay Groups,REQ-PG-001,STILL BLOCKED,Missing API Contract — re-probed live 2026-06-30: endpoints absent (200 SPA-HTML / 405),BLOCKED — Missing API Contract: group cannot pre-populate a run because membership is not assignable via API (see TC-PG-001); run accepted p
TC-PG-007,Pay Groups,REQ-PG-002,STILL BLOCKED,Missing automation — case not implemented in registry (requires automation dev),BLOCKED — Pending implementation — admin-reachable; not yet ported into the registry
TC-PG-008,Pay Groups,REQ-PG-003,STILL BLOCKED,Missing API Contract — re-probed live 2026-06-30: endpoints absent (200 SPA-HTML / 405),BLOCKED — API contract not exposed: pay-group member assignment (see reports/07)
TC-PG-009,Pay Groups,REQ-PG-003,STILL BLOCKED,Missing API Contract — re-probed live 2026-06-30: endpoints absent (200 SPA-HTML / 405),BLOCKED — API contract not exposed: pay-group member assignment (see reports/07)
TC-PG-010,Pay Groups,REQ-PG-004,STILL BLOCKED,Missing API Contract — re-probed live 2026-06-30: endpoints absent (200 SPA-HTML / 405),BLOCKED — API contract not exposed: pay-group member assignment (see reports/07)
TC-PG-011,Pay Groups,REQ-PG-005,STILL BLOCKED,Missing API Contract — re-probed live 2026-06-30: endpoints absent (200 SPA-HTML / 405),BLOCKED — API contract not exposed: pay-group member assignment (see reports/07)
TC-PG-012,Pay Groups,REQ-PG-005,STILL BLOCKED,Missing API Contract — re-probed live 2026-06-30: endpoints absent (200 SPA-HTML / 405),BLOCKED — API contract not exposed: pay-group member assignment (see reports/07)
TC-PROT-001,Deductions,REQ-PROT-001,STILL BLOCKED,Missing API Contract — re-probed live 2026-06-30: endpoints absent (200 SPA-HTML / 405),BLOCKED — API contract not exposed: protected-pay-rules (see reports/07-requests-to-unblock.md)
TC-PROT-002,Deductions,REQ-PROT-001,STILL BLOCKED,Missing API Contract — re-probed live 2026-06-30: endpoints absent (200 SPA-HTML / 405),BLOCKED — API contract not exposed: protected-pay-rules (see reports/07-requests-to-unblock.md)
TC-PROT-003,Deductions,REQ-PROT-001,STILL BLOCKED,Missing API Contract — re-probed live 2026-06-30: endpoints absent (200 SPA-HTML / 405),BLOCKED — API contract not exposed: protected-pay-rules (see reports/07-requests-to-unblock.md)
TC-PROT-004,Deductions,REQ-PROT-002,STILL BLOCKED,Missing API Contract — re-probed live 2026-06-30: endpoints absent (200 SPA-HTML / 405),BLOCKED — API contract not exposed: protected-pay-rules (see reports/07-requests-to-unblock.md)
TC-PROT-005,Deductions,REQ-PROT-003,STILL BLOCKED,Missing API Contract — re-probed live 2026-06-30: endpoints absent (200 SPA-HTML / 405),BLOCKED — API contract not exposed: protected-pay-rules (see reports/07-requests-to-unblock.md)
TC-PROT-006,Deductions,REQ-PROT-004,STILL BLOCKED,Missing API Contract — re-probed live 2026-06-30: endpoints absent (200 SPA-HTML / 405),BLOCKED — API contract not exposed: protected-pay-rules (see reports/07-requests-to-unblock.md)
TC-PROT-008,Deductions,REQ-PROT-006,STILL BLOCKED,Missing API Contract — re-probed live 2026-06-30: endpoints absent (200 SPA-HTML / 405),BLOCKED — API contract not exposed: protected-pay-rules (see reports/07-requests-to-unblock.md)
TC-PROT-009,Deductions,REQ-PROT-007,STILL BLOCKED,Missing API Contract — re-probed live 2026-06-30: endpoints absent (200 SPA-HTML / 405),BLOCKED — API contract not exposed: protected-pay-rules (see reports/07-requests-to-unblock.md)
TC-PROT-010,Deductions,REQ-PROT-008,STILL BLOCKED,Missing API Contract — re-probed live 2026-06-30: endpoints absent (200 SPA-HTML / 405),BLOCKED — API contract not exposed: protected-pay-rules (see reports/07-requests-to-unblock.md)
TC-PROT-011,Deductions,REQ-PROT-009,STILL BLOCKED,Missing API Contract — re-probed live 2026-06-30: endpoints absent (200 SPA-HTML / 405),BLOCKED — API contract not exposed: protected-pay-rules (see reports/07-requests-to-unblock.md)
TC-PROT-012,Deductions,REQ-PROT-003,STILL BLOCKED,Missing API Contract — re-probed live 2026-06-30: endpoints absent (200 SPA-HTML / 405),BLOCKED — API contract not exposed: protected-pay-rules (see reports/07-requests-to-unblock.md)
TC-RBAC-admin-login,Users & Roles,REQ-AUTH-001,STILL BLOCKED,Credentials validated but per-role/self-service needs Payroll module access (BUG-011) — reason corrected from Missing-Credentials,[browser] credentials VALID (login accepted → forced 'Change Password' screen) but session NOT established — after the forced password chang
TC-RBAC-employee-login,Users & Roles,REQ-AUTH-001,STILL BLOCKED,Credentials validated but per-role/self-service needs Payroll module access (BUG-011) — reason corrected from Missing-Credentials,[browser] credentials VALID (login accepted → forced 'Change Password' screen) but session NOT established — after the forced password chang
TC-RBAC-manager-login,Users & Roles,REQ-AUTH-001,STILL BLOCKED,Credentials validated but per-role/self-service needs Payroll module access (BUG-011) — reason corrected from Missing-Credentials,[browser] credentials VALID (login accepted → forced 'Change Password' screen) but session NOT established — after the forced password chang
TC-RBAC-reports-login,Users & Roles,REQ-AUTH-001,STILL BLOCKED,Credentials validated but per-role/self-service needs Payroll module access (BUG-011) — reason corrected from Missing-Credentials,[browser] credentials VALID (login accepted → forced 'Change Password' screen) but session NOT established — after the forced password chang
TC-RELF-001,Tax,REQ-RELF-001,STILL BLOCKED,Missing API Contract — re-probed live 2026-06-30: endpoints absent (200 SPA-HTML / 405),probe inconclusive — operation contract not demonstrable for this case; treated as external (see discovery sweep)
TC-RELF-002,Tax,REQ-RELF-002,STILL BLOCKED,Missing API Contract — re-probed live 2026-06-30: endpoints absent (200 SPA-HTML / 405),probe inconclusive — operation contract not demonstrable for this case; treated as external (see discovery sweep)
TC-RELF-003,Tax,REQ-RELF-002,STILL BLOCKED,Missing API Contract — re-probed live 2026-06-30: endpoints absent (200 SPA-HTML / 405),probe inconclusive — operation contract not demonstrable for this case; treated as external (see discovery sweep)
TC-RELF-004,Tax,REQ-RELF-003,STILL BLOCKED,Missing API Contract — re-probed live 2026-06-30: endpoints absent (200 SPA-HTML / 405),probe inconclusive — operation contract not demonstrable for this case; treated as external (see discovery sweep)
TC-RELF-006,Tax,REQ-RELF-005,STILL BLOCKED,Missing automation — case not implemented in registry (requires automation dev),BLOCKED — Pending implementation — admin-reachable; not yet ported into the registry
TC-RELF-007,Tax,REQ-RELF-006,STILL BLOCKED,Missing API Contract — re-probed live 2026-06-30: endpoints absent (200 SPA-HTML / 405),probe inconclusive — operation contract not demonstrable for this case; treated as external (see discovery sweep)
TC-RELF-008,Tax,REQ-RELF-001,STILL BLOCKED,Missing automation — case not implemented in registry (requires automation dev),BLOCKED — Pending implementation — admin-reachable; not yet ported into the registry
TC-RPT-009,Reports,REQ-RPT-001..008,STILL BLOCKED,Browser execution pending (page needs module access or spec not yet built),BLOCKED — UI-only — needs browser-driven (Playwright page) test
TC-RPT-011,Reports,REQ-RPT-001..008,STILL BLOCKED,Missing automation — case not implemented in registry (requires automation dev),BLOCKED — Pending implementation — admin-reachable; not yet ported into the registry
TC-RPT-012,Reports,REQ-RPT-010,STILL BLOCKED,Missing automation — case not implemented in registry (requires automation dev),BLOCKED — Pending implementation — admin-reachable; not yet ported into the registry
TC-RPT-013,Reports,REQ-RPT-009,STILL BLOCKED,Missing automation — case not implemented in registry (requires automation dev),BLOCKED — Pending implementation — admin-reachable; not yet ported into the registry
TC-RPT-014,Reports,REQ-RPT-011,STILL BLOCKED,Browser execution pending (page needs module access or spec not yet built),BLOCKED — Verify-only (§25 documented gap) — assert documented preview/not-saved behaviour via UI
TC-RPT-015,Reports,REQ-RPT-011,STILL BLOCKED,Missing automation — case not implemented in registry (requires automation dev),BLOCKED — Pending implementation — admin-reachable; not yet ported into the registry
TC-RUN-002,Payroll,REQ-RUN-001,STILL BLOCKED,Missing API Contract — re-probed live 2026-06-30: endpoints absent (200 SPA-HTML / 405),BLOCKED — API contract not exposed: overtime entry (see reports/07)
TC-RUN-014,Payroll,REQ-RUN-006,STILL BLOCKED,Missing automation — case not implemented in registry (requires automation dev),BLOCKED — Pending implementation — admin-reachable; not yet ported into the registry
TC-RUN-019,Payroll,REQ-RUN-008,STILL BLOCKED,Missing API Contract — re-probed live 2026-06-30: endpoints absent (200 SPA-HTML / 405),probe inconclusive — operation contract not demonstrable for this case; treated as external (see discovery sweep)
TC-SEC-003,Security,REQ-SEC-002,STILL BLOCKED,Missing automation — case not implemented in registry (requires automation dev),BLOCKED — Pending implementation — admin-reachable; not yet ported into the registry
TC-SEC-004,Security,REQ-SEC-003,STILL BLOCKED,Missing automation — case not implemented in registry (requires automation dev),BLOCKED — Pending implementation — admin-reachable; not yet ported into the registry
TC-SEC-006,Security,REQ-SEC-004,STILL BLOCKED,Credentials validated but per-role/self-service needs Payroll module access (BUG-011) — reason corrected from Missing-Credentials,BLOCKED — Needs Manager/Staff credentials (cross-role / self-service not testable as Admin)
TC-SEC-007,Security,REQ-SEC-004,STILL BLOCKED,Credentials validated but per-role/self-service needs Payroll module access (BUG-011) — reason corrected from Missing-Credentials,BLOCKED — Needs Manager/Staff credentials (cross-role / self-service not testable as Admin)
TC-SEC-009,Security,REQ-SEC-006,STILL BLOCKED,Browser execution pending (page needs module access or spec not yet built),BLOCKED — UI-only — needs browser-driven (Playwright page) test
TC-SEC-012,Security,REQ-SEC-008,STILL BLOCKED,Missing API Contract — re-probed live 2026-06-30: endpoints absent (200 SPA-HTML / 405),BLOCKED — API contract not exposed: catalog approval-activation trigger (see reports/07)
TC-SEC-014,Security,REQ-SEC-009,STILL BLOCKED,Credentials validated but per-role/self-service needs Payroll module access (BUG-011) — reason corrected from Missing-Credentials,BLOCKED — Needs Manager/Staff credentials (cross-role / self-service not testable as Admin)
TC-SEC-015,Security,REQ-SEC-009,STILL BLOCKED,Credentials validated but per-role/self-service needs Payroll module access (BUG-011) — reason corrected from Missing-Credentials,BLOCKED — Needs Manager/Staff credentials (cross-role / self-service not testable as Admin)
TC-SEC-016,Security,REQ-SEC-010,STILL BLOCKED,Browser execution pending (page needs module access or spec not yet built),BLOCKED — UI-only — needs browser-driven (Playwright page) test
TC-SEC-017,Security,REQ-SEC-008,STILL BLOCKED,Missing API Contract — re-probed live 2026-06-30: endpoints absent (200 SPA-HTML / 405),BLOCKED — API contract not exposed: catalog approval-activation trigger (see reports/07)
TC-SEC-018,Security,REQ-SEC-001,STILL BLOCKED,Credentials validated but per-role/self-service needs Payroll module access (BUG-011) — reason corrected from Missing-Credentials,BLOCKED — Needs Manager/Staff credentials (cross-role / self-service not testable as Admin)
TC-SLIP-003,Payroll,REQ-SLIP-001,STILL BLOCKED,Missing automation — case not implemented in registry (requires automation dev),BLOCKED — Pending implementation — admin-reachable; not yet ported into the registry
TC-SLIP-004,Payroll,REQ-SLIP-002,STILL BLOCKED,Browser execution pending (page needs module access or spec not yet built),BLOCKED — UI-only — report export rendered client-side
TC-SLIP-009,Payroll,REQ-SLIP-007,STILL BLOCKED,Browser execution pending (page needs module access or spec not yet built),BLOCKED — UI-only — report export rendered client-side
TC-SLIP-011,Payroll,REQ-SLIP-009,STILL BLOCKED,"No Payroll module entitlement (BUG-011, Critical product defect)","BLOCKED — Credentials: ""list own payslips"" is staff self-service (/my/payslips); requires a Staff session, not provisioned."
TC-SLIP-012,Payroll,REQ-SLIP-009,STILL BLOCKED,"No Payroll module entitlement (BUG-011, Critical product defect)","BLOCKED — Credentials: ""current payslip"" is staff self-service (/my/payslips); requires a Staff session, not provisioned."
TC-SLIP-013,Payroll,REQ-SLIP-009,STILL BLOCKED,Credentials validated but per-role/self-service needs Payroll module access (BUG-011) — reason corrected from Missing-Credentials,BLOCKED — Needs Manager/Staff credentials (cross-role / self-service not testable as Admin)
TC-SLIP-014,Payroll,REQ-SLIP-009,STILL BLOCKED,Credentials validated but per-role/self-service needs Payroll module access (BUG-011) — reason corrected from Missing-Credentials,BLOCKED — Needs Manager/Staff credentials (cross-role / self-service not testable as Admin)
TC-SLIP-015,Payroll,REQ-SLIP-009,STILL BLOCKED,Credentials validated but per-role/self-service needs Payroll module access (BUG-011) — reason corrected from Missing-Credentials,BLOCKED — Needs Manager/Staff credentials (cross-role / self-service not testable as Admin)
TC-SLIP-016,Payroll,REQ-SLIP-010,STILL BLOCKED,Credentials validated but per-role/self-service needs Payroll module access (BUG-011) — reason corrected from Missing-Credentials,BLOCKED — Needs Manager/Staff credentials (cross-role / self-service not testable as Admin)
TC-STAX-008,Payroll,REQ-STAX-006,STILL BLOCKED,Browser execution pending (page needs module access or spec not yet built),BLOCKED — UI-only — needs browser-driven (Playwright page) test
TC-STAX-009,Payroll,REQ-STAX-007,STILL BLOCKED,Reason not auto-classified — see latest evidence (manual review),no bonus threshold alert found in existing runs
TC-STAX-013,Payroll,REQ-STAX-008,STILL BLOCKED,Missing automation — case not implemented in registry (requires automation dev),BLOCKED — Pending implementation — admin-reachable; not yet ported into the registry
TC-STAX-014,Payroll,REQ-STAX-009,STILL BLOCKED,Missing automation — case not implemented in registry (requires automation dev),BLOCKED — Pending implementation — admin-reachable; not yet ported into the registry
TC-STAX-015,Payroll,REQ-STAX-008,STILL BLOCKED,Missing automation — case not implemented in registry (requires automation dev),BLOCKED — Pending implementation — admin-reachable; not yet ported into the registry
TC-STAX-016,Payroll,REQ-STAX-010,STILL BLOCKED,Missing API Contract — re-probed live 2026-06-30: endpoints absent (200 SPA-HTML / 405),BLOCKED — API contract not exposed: overtime entry (see reports/07)
TC-STAX-017,Payroll,REQ-STAX-010,STILL BLOCKED,Missing API Contract — re-probed live 2026-06-30: endpoints absent (200 SPA-HTML / 405),BLOCKED — API contract not exposed: overtime entry (see reports/07)
TC-STAX-018,Payroll,REQ-STAX-011,STILL BLOCKED,Missing automation — case not implemented in registry (requires automation dev),BLOCKED — Pending implementation — admin-reachable; not yet ported into the registry
TC-STAX-019,Payroll,REQ-STAX-012,STILL BLOCKED,Browser execution pending (page needs module access or spec not yet built),BLOCKED — UI-only — needs browser-driven (Playwright page) test
TC-STAX-020,Payroll,REQ-STAX-013,STILL BLOCKED,Missing automation — case not implemented in registry (requires automation dev),BLOCKED — Pending implementation — admin-reachable; not yet ported into the registry
TC-STAX-021,Payroll,REQ-STAX-013,STILL BLOCKED,Missing automation — case not implemented in registry (requires automation dev),BLOCKED — Pending implementation — admin-reachable; not yet ported into the registry
TC-STAX-022,Payroll,REQ-STAX-013,STILL BLOCKED,Missing automation — case not implemented in registry (requires automation dev),BLOCKED — Pending implementation — admin-reachable; not yet ported into the registry
TC-STAX-023,Payroll,REQ-STAX-013,STILL BLOCKED,Missing automation — case not implemented in registry (requires automation dev),BLOCKED — Pending implementation — admin-reachable; not yet ported into the registry
TC-TAX-006,Tax,REQ-TAX-003,ENVIRONMENT ISSUE,Test-data/environment: required seed (e.g. 2nd dated rate version) not present in sandbox,only 0 rate version present — no second dated version seeded to verify before/after-effective selection (needs a 2nd version)
TC-TAX-007,Tax,REQ-TAX-004,STILL BLOCKED,Missing automation — case not implemented in registry (requires automation dev),BLOCKED — Pending implementation — admin-reachable; not yet ported into the registry
TC-TAX-009,Tax,REQ-TAX-004,STILL BLOCKED,Missing API Contract — re-probed live 2026-06-30: endpoints absent (200 SPA-HTML / 405),probe inconclusive — operation contract not demonstrable for this case; treated as external (see discovery sweep)
TC-TAX-013,Tax,REQ-TAX-007,STILL BLOCKED,Missing API Contract — re-probed live 2026-06-30: endpoints absent (200 SPA-HTML / 405),probe inconclusive — operation contract not demonstrable for this case; treated as external (see discovery sweep)
TC-TAX-014,Tax,REQ-TAX-008,STILL BLOCKED,Missing API Contract — re-probed live 2026-06-30: endpoints absent (200 SPA-HTML / 405),probe inconclusive — operation contract not demonstrable for this case; treated as external (see discovery sweep)
TC-TAX-015,Tax,REQ-TAX-009,STILL BLOCKED,Missing API Contract — re-probed live 2026-06-30: endpoints absent (200 SPA-HTML / 405),probe inconclusive — operation contract not demonstrable for this case; treated as external (see discovery sweep)
TC-TAX-016,Tax,REQ-TAX-010,STILL BLOCKED,Missing API Contract — re-probed live 2026-06-30: endpoints absent (200 SPA-HTML / 405),probe inconclusive — operation contract not demonstrable for this case; treated as external (see discovery sweep)
TC-TAX-018,Tax,REQ-TAX-013,STILL BLOCKED,"No Payroll module entitlement (BUG-011, Critical product defect)",BLOCKED — Credentials: statutory-config permission (admin vs non-admin) requires a non-admin session to prove the deny path; Manager/Staff c
TC-URB-003,Users & Roles,REQ-AUTH-006,STILL BLOCKED,Missing API Contract — re-probed live 2026-06-30: endpoints absent (200 SPA-HTML / 405),[api] BLOCKED — silent no-op: PUT returns 200 but permissions_count stays 0 for all field variants; POST /roles/{id}/permissions → 405 (GET/
TC-URB-005,Users & Roles,REQ-AUTH-001,STILL BLOCKED,Missing API Contract — re-probed live 2026-06-30: endpoints absent (200 SPA-HTML / 405),[api+browser] BLOCKED — admin-set password is a SILENT NO-OP: POST /users accepts `password` but login returns 422 'Invalid password' (same 
